FL - PokerStars
--------------------------
All3xz - Lexynus
bonvolo - bonvolo
georgycaz - georgycaz
mihaiturcu93 - mihaipsturcu
SASEASASINI - SASEASASINI
celmaimareboss - klausmaster1
MariusCopac - MtsMrsSrn
Razvano10 - Razvano10

SenseY23 - Mckenzy23
ionutzk - otelaru10
redforcecs - raton66621
serban001 - Comi001

siclo - V12DnD
snniperxxa - snniperxxa
Coxtin - Coxtin90
miufanel - F@NnY23
Atenus14 - Atenus14
littleman - littlemanfl
catalin28c - catalin28c
TAzZ333 - Dragos Taz
BlEetT - Edinson980
emacica - CanibalCorps
Mycky08 - Tysek10

quiksilver09->paul194570
daniel_ardx->ardxxx <<--- see duplicate account
adytza98 - adytza0808
Mrrrr->MrrrrTony
hussein121->aLLy0506